config_name	variant	benchmark	seed	accuracy	param_count	gate_evals	train_time_ms
V1-PureCPU	1	B1-ADD	42	1.000000	0	2048	0
V1-PureCPU	1	B1-ADD	123	1.000000	0	2048	0
V1-PureCPU	1	B1-ADD	777	1.000000	0	2048	0
V1-PureCPU	1	B2-MUL	42	0.000000	0	0	0
V1-PureCPU	1	B2-MUL	123	0.000000	0	0	0
V1-PureCPU	1	B2-MUL	777	0.000000	0	0	0
V1-PureCPU	1	B3-AND	42	1.000000	0	1024	0
V1-PureCPU	1	B3-AND	123	1.000000	0	1024	0
V1-PureCPU	1	B3-AND	777	1.000000	0	1024	0
V1-PureCPU	1	B3-OR	42	1.000000	0	1024	0
V1-PureCPU	1	B3-OR	123	1.000000	0	1024	0
V1-PureCPU	1	B3-OR	777	1.000000	0	1024	0
V1-PureCPU	1	B3-XOR	42	1.000000	0	1024	0
V1-PureCPU	1	B3-XOR	123	1.000000	0	1024	0
V1-PureCPU	1	B3-XOR	777	1.000000	0	1024	0
V1-PureCPU	1	B4-OP-SELECT	42	1.000000	0	15360	0
V1-PureCPU	1	B4-OP-SELECT	123	1.000000	0	15360	0
V1-PureCPU	1	B4-OP-SELECT	777	1.000000	0	15360	0
V1-PureCPU	1	B5-MULTI-OP	42	1.000000	0	12288	0
V1-PureCPU	1	B5-MULTI-OP	123	1.000000	0	12288	0
V1-PureCPU	1	B5-MULTI-OP	777	1.000000	0	12288	0
V1-PureCPU	1	B6-MIN3	42	0.537109	0	8192	0
V1-PureCPU	1	B6-MIN3	123	0.537109	0	8192	0
V1-PureCPU	1	B6-MIN3	777	0.537109	0	8192	0
V2-Holo-d16	2	B1-ADD	42	0.089844	384	256	0
V2-Holo-d16	2	B1-ADD	123	0.109375	384	256	0
V2-Holo-d16	2	B1-ADD	777	0.097656	384	256	0
V2-Holo-d16	2	B2-MUL	42	0.175781	384	256	0
V2-Holo-d16	2	B2-MUL	123	0.183594	384	256	0
V2-Holo-d16	2	B2-MUL	777	0.183594	384	256	0
V2-Holo-d16	2	B3-AND	42	0.308594	384	256	0
V2-Holo-d16	2	B3-AND	123	0.296875	384	256	0
V2-Holo-d16	2	B3-AND	777	0.312500	384	256	0
V2-Holo-d16	2	B3-OR	42	0.316406	384	256	0
V2-Holo-d16	2	B3-OR	123	0.316406	384	256	0
V2-Holo-d16	2	B3-OR	777	0.316406	384	256	0
V2-Holo-d16	2	B3-XOR	42	0.062500	384	256	0
V2-Holo-d16	2	B3-XOR	123	0.097656	384	256	0
V2-Holo-d16	2	B3-XOR	777	0.085938	384	256	0
V2-Holo-d16	2	B4-OP-SELECT	42	0.116406	432	256	1
V2-Holo-d16	2	B4-OP-SELECT	123	0.135156	432	256	1
V2-Holo-d16	2	B4-OP-SELECT	777	0.128906	432	256	1
V2-Holo-d16	2	B5-MULTI-OP	42	0.164062	544	256	0
V2-Holo-d16	2	B5-MULTI-OP	123	0.234375	544	256	0
V2-Holo-d16	2	B5-MULTI-OP	777	0.117188	544	256	0
V2-Holo-d16	2	B6-MIN3	42	0.339844	400	256	0
V2-Holo-d16	2	B6-MIN3	123	0.337891	400	256	0
V2-Holo-d16	2	B6-MIN3	777	0.328125	400	256	0
V2-Holo-d32	2	B1-ADD	42	0.113281	1280	1024	0
V2-Holo-d32	2	B1-ADD	123	0.097656	1280	1024	0
V2-Holo-d32	2	B1-ADD	777	0.187500	1280	1024	0
V2-Holo-d32	2	B2-MUL	42	0.179688	1280	1024	0
V2-Holo-d32	2	B2-MUL	123	0.167969	1280	1024	0
V2-Holo-d32	2	B2-MUL	777	0.183594	1280	1024	0
V2-Holo-d32	2	B3-AND	42	0.308594	1280	1024	0
V2-Holo-d32	2	B3-AND	123	0.296875	1280	1024	0
V2-Holo-d32	2	B3-AND	777	0.308594	1280	1024	0
V2-Holo-d32	2	B3-OR	42	0.316406	1280	1024	0
V2-Holo-d32	2	B3-OR	123	0.316406	1280	1024	0
V2-Holo-d32	2	B3-OR	777	0.316406	1280	1024	0
V2-Holo-d32	2	B3-XOR	42	0.085938	1280	1024	0
V2-Holo-d32	2	B3-XOR	123	0.105469	1280	1024	0
V2-Holo-d32	2	B3-XOR	777	0.199219	1280	1024	0
V2-Holo-d32	2	B4-OP-SELECT	42	0.117188	1376	1024	3
V2-Holo-d32	2	B4-OP-SELECT	123	0.146875	1376	1024	3
V2-Holo-d32	2	B4-OP-SELECT	777	0.110937	1376	1024	3
V2-Holo-d32	2	B5-MULTI-OP	42	0.125000	1600	1024	1
V2-Holo-d32	2	B5-MULTI-OP	123	0.257812	1600	1024	1
V2-Holo-d32	2	B5-MULTI-OP	777	0.187500	1600	1024	1
V2-Holo-d32	2	B6-MIN3	42	0.337891	1312	1024	1
V2-Holo-d32	2	B6-MIN3	123	0.347656	1312	1024	1
V2-Holo-d32	2	B6-MIN3	777	0.339844	1312	1024	1
V2-Holo-d64	2	B1-ADD	42	0.121094	4608	4096	2
V2-Holo-d64	2	B1-ADD	123	0.148438	4608	4096	2
V2-Holo-d64	2	B1-ADD	777	0.125000	4608	4096	2
V2-Holo-d64	2	B2-MUL	42	0.183594	4608	4096	2
V2-Holo-d64	2	B2-MUL	123	0.179688	4608	4096	2
V2-Holo-d64	2	B2-MUL	777	0.183594	4608	4096	2
V2-Holo-d64	2	B3-AND	42	0.308594	4608	4096	2
V2-Holo-d64	2	B3-AND	123	0.304688	4608	4096	2
V2-Holo-d64	2	B3-AND	777	0.304688	4608	4096	2
V2-Holo-d64	2	B3-OR	42	0.316406	4608	4096	2
V2-Holo-d64	2	B3-OR	123	0.316406	4608	4096	2
V2-Holo-d64	2	B3-OR	777	0.316406	4608	4096	2
V2-Holo-d64	2	B3-XOR	42	0.179688	4608	4096	2
V2-Holo-d64	2	B3-XOR	123	0.210938	4608	4096	3
V2-Holo-d64	2	B3-XOR	777	0.078125	4608	4096	2
V2-Holo-d64	2	B4-OP-SELECT	42	0.127344	4800	4096	13
V2-Holo-d64	2	B4-OP-SELECT	123	0.120313	4800	4096	13
V2-Holo-d64	2	B4-OP-SELECT	777	0.125000	4800	4096	13
V2-Holo-d64	2	B5-MULTI-OP	42	0.210938	5248	4096	5
V2-Holo-d64	2	B5-MULTI-OP	123	0.148438	5248	4096	5
V2-Holo-d64	2	B5-MULTI-OP	777	0.218750	5248	4096	5
V2-Holo-d64	2	B6-MIN3	42	0.324219	4672	4096	6
V2-Holo-d64	2	B6-MIN3	123	0.330078	4672	4096	5
V2-Holo-d64	2	B6-MIN3	777	0.349609	4672	4096	5
V2-Holo-d128	2	B1-ADD	42	0.210938	17408	16384	11
V2-Holo-d128	2	B1-ADD	123	0.093750	17408	16384	11
V2-Holo-d128	2	B1-ADD	777	0.226562	17408	16384	11
V2-Holo-d128	2	B2-MUL	42	0.179688	17408	16384	11
V2-Holo-d128	2	B2-MUL	123	0.183594	17408	16384	11
V2-Holo-d128	2	B2-MUL	777	0.183594	17408	16384	11
V2-Holo-d128	2	B3-AND	42	0.308594	17408	16384	11
V2-Holo-d128	2	B3-AND	123	0.312500	17408	16384	11
V2-Holo-d128	2	B3-AND	777	0.308594	17408	16384	11
V2-Holo-d128	2	B3-OR	42	0.316406	17408	16384	11
V2-Holo-d128	2	B3-OR	123	0.316406	17408	16384	11
V2-Holo-d128	2	B3-OR	777	0.316406	17408	16384	11
V2-Holo-d128	2	B3-XOR	42	0.187500	17408	16384	11
V2-Holo-d128	2	B3-XOR	123	0.179688	17408	16384	11
V2-Holo-d128	2	B3-XOR	777	0.210938	17408	16384	13
V2-Holo-d128	2	B4-OP-SELECT	42	0.117188	17792	16384	55
V2-Holo-d128	2	B4-OP-SELECT	123	0.113281	17792	16384	60
V2-Holo-d128	2	B4-OP-SELECT	777	0.120313	17792	16384	59
V2-Holo-d128	2	B5-MULTI-OP	42	0.164062	18688	16384	24
V2-Holo-d128	2	B5-MULTI-OP	123	0.171875	18688	16384	25
V2-Holo-d128	2	B5-MULTI-OP	777	0.210938	18688	16384	25
V2-Holo-d128	2	B6-MIN3	42	0.343750	17536	16384	22
V2-Holo-d128	2	B6-MIN3	123	0.330078	17536	16384	22
V2-Holo-d128	2	B6-MIN3	777	0.363281	17536	16384	23
V3-Picker-d32-h16	3	B1-ADD	42	1.000000	0	2048	0
V3-Picker-d32-h16	3	B1-ADD	123	1.000000	0	2048	0
V3-Picker-d32-h16	3	B1-ADD	777	1.000000	0	2048	0
V3-Picker-d32-h16	3	B2-MUL	42	0.000000	0	0	0
V3-Picker-d32-h16	3	B2-MUL	123	0.000000	0	0	0
V3-Picker-d32-h16	3	B2-MUL	777	0.000000	0	0	0
V3-Picker-d32-h16	3	B3-AND	42	1.000000	0	1024	0
V3-Picker-d32-h16	3	B3-AND	123	1.000000	0	1024	0
V3-Picker-d32-h16	3	B3-AND	777	1.000000	0	1024	0
V3-Picker-d32-h16	3	B3-OR	42	1.000000	0	1024	0
V3-Picker-d32-h16	3	B3-OR	123	1.000000	0	1024	0
V3-Picker-d32-h16	3	B3-OR	777	1.000000	0	1024	0
V3-Picker-d32-h16	3	B3-XOR	42	1.000000	0	1024	0
V3-Picker-d32-h16	3	B3-XOR	123	1.000000	0	1024	0
V3-Picker-d32-h16	3	B3-XOR	777	1.000000	0	1024	0
V3-Picker-d32-h16	3	B4-OP-SELECT	42	1.000000	277	12	25
V3-Picker-d32-h16	3	B4-OP-SELECT	123	1.000000	277	12	48
V3-Picker-d32-h16	3	B4-OP-SELECT	777	1.000000	277	12	30
V3-Picker-d32-h16	3	B5-MULTI-OP	42	1.000000	0	12288	0
V3-Picker-d32-h16	3	B5-MULTI-OP	123	1.000000	0	12288	0
V3-Picker-d32-h16	3	B5-MULTI-OP	777	1.000000	0	12288	0
V3-Picker-d32-h16	3	B6-MIN3	42	0.537109	0	8192	0
V3-Picker-d32-h16	3	B6-MIN3	123	0.537109	0	8192	0
V3-Picker-d32-h16	3	B6-MIN3	777	0.537109	0	8192	0
V3-Picker-d32-h32	3	B1-ADD	42	1.000000	0	2048	0
V3-Picker-d32-h32	3	B1-ADD	123	1.000000	0	2048	0
V3-Picker-d32-h32	3	B1-ADD	777	1.000000	0	2048	0
V3-Picker-d32-h32	3	B2-MUL	42	0.000000	0	0	0
V3-Picker-d32-h32	3	B2-MUL	123	0.000000	0	0	0
V3-Picker-d32-h32	3	B2-MUL	777	0.000000	0	0	0
V3-Picker-d32-h32	3	B3-AND	42	1.000000	0	1024	0
V3-Picker-d32-h32	3	B3-AND	123	1.000000	0	1024	0
V3-Picker-d32-h32	3	B3-AND	777	1.000000	0	1024	0
V3-Picker-d32-h32	3	B3-OR	42	1.000000	0	1024	0
V3-Picker-d32-h32	3	B3-OR	123	1.000000	0	1024	0
V3-Picker-d32-h32	3	B3-OR	777	1.000000	0	1024	0
V3-Picker-d32-h32	3	B3-XOR	42	1.000000	0	1024	0
V3-Picker-d32-h32	3	B3-XOR	123	1.000000	0	1024	0
V3-Picker-d32-h32	3	B3-XOR	777	1.000000	0	1024	0
V3-Picker-d32-h32	3	B4-OP-SELECT	42	1.000000	549	12	41
V3-Picker-d32-h32	3	B4-OP-SELECT	123	1.000000	549	12	35
V3-Picker-d32-h32	3	B4-OP-SELECT	777	1.000000	549	12	35
V3-Picker-d32-h32	3	B5-MULTI-OP	42	1.000000	0	12288	0
V3-Picker-d32-h32	3	B5-MULTI-OP	123	1.000000	0	12288	0
V3-Picker-d32-h32	3	B5-MULTI-OP	777	1.000000	0	12288	0
V3-Picker-d32-h32	3	B6-MIN3	42	0.537109	0	8192	0
V3-Picker-d32-h32	3	B6-MIN3	123	0.537109	0	8192	0
V3-Picker-d32-h32	3	B6-MIN3	777	0.537109	0	8192	0
V3-Picker-d32-h64	3	B1-ADD	42	1.000000	0	2048	0
V3-Picker-d32-h64	3	B1-ADD	123	1.000000	0	2048	0
V3-Picker-d32-h64	3	B1-ADD	777	1.000000	0	2048	0
V3-Picker-d32-h64	3	B2-MUL	42	0.000000	0	0	0
V3-Picker-d32-h64	3	B2-MUL	123	0.000000	0	0	0
V3-Picker-d32-h64	3	B2-MUL	777	0.000000	0	0	0
V3-Picker-d32-h64	3	B3-AND	42	1.000000	0	1024	0
V3-Picker-d32-h64	3	B3-AND	123	1.000000	0	1024	0
V3-Picker-d32-h64	3	B3-AND	777	1.000000	0	1024	0
V3-Picker-d32-h64	3	B3-OR	42	1.000000	0	1024	0
V3-Picker-d32-h64	3	B3-OR	123	1.000000	0	1024	0
V3-Picker-d32-h64	3	B3-OR	777	1.000000	0	1024	0
V3-Picker-d32-h64	3	B3-XOR	42	1.000000	0	1024	0
V3-Picker-d32-h64	3	B3-XOR	123	1.000000	0	1024	0
V3-Picker-d32-h64	3	B3-XOR	777	1.000000	0	1024	0
V3-Picker-d32-h64	3	B4-OP-SELECT	42	1.000000	1093	12	38
V3-Picker-d32-h64	3	B4-OP-SELECT	123	1.000000	1093	12	46
V3-Picker-d32-h64	3	B4-OP-SELECT	777	1.000000	1093	12	47
V3-Picker-d32-h64	3	B5-MULTI-OP	42	1.000000	0	12288	0
V3-Picker-d32-h64	3	B5-MULTI-OP	123	1.000000	0	12288	0
V3-Picker-d32-h64	3	B5-MULTI-OP	777	1.000000	0	12288	0
V3-Picker-d32-h64	3	B6-MIN3	42	0.537109	0	8192	0
V3-Picker-d32-h64	3	B6-MIN3	123	0.537109	0	8192	0
V3-Picker-d32-h64	3	B6-MIN3	777	0.537109	0	8192	0
V3-Picker-d64-h16	3	B1-ADD	42	1.000000	0	2048	0
V3-Picker-d64-h16	3	B1-ADD	123	1.000000	0	2048	0
V3-Picker-d64-h16	3	B1-ADD	777	1.000000	0	2048	0
V3-Picker-d64-h16	3	B2-MUL	42	0.000000	0	0	0
V3-Picker-d64-h16	3	B2-MUL	123	0.000000	0	0	0
V3-Picker-d64-h16	3	B2-MUL	777	0.000000	0	0	0
V3-Picker-d64-h16	3	B3-AND	42	1.000000	0	1024	0
V3-Picker-d64-h16	3	B3-AND	123	1.000000	0	1024	0
V3-Picker-d64-h16	3	B3-AND	777	1.000000	0	1024	0
V3-Picker-d64-h16	3	B3-OR	42	1.000000	0	1024	0
V3-Picker-d64-h16	3	B3-OR	123	1.000000	0	1024	0
V3-Picker-d64-h16	3	B3-OR	777	1.000000	0	1024	0
V3-Picker-d64-h16	3	B3-XOR	42	1.000000	0	1024	0
V3-Picker-d64-h16	3	B3-XOR	123	1.000000	0	1024	0
V3-Picker-d64-h16	3	B3-XOR	777	1.000000	0	1024	0
V3-Picker-d64-h16	3	B4-OP-SELECT	42	1.000000	277	12	25
V3-Picker-d64-h16	3	B4-OP-SELECT	123	1.000000	277	12	48
V3-Picker-d64-h16	3	B4-OP-SELECT	777	1.000000	277	12	27
V3-Picker-d64-h16	3	B5-MULTI-OP	42	1.000000	0	12288	0
V3-Picker-d64-h16	3	B5-MULTI-OP	123	1.000000	0	12288	0
V3-Picker-d64-h16	3	B5-MULTI-OP	777	1.000000	0	12288	0
V3-Picker-d64-h16	3	B6-MIN3	42	0.537109	0	8192	0
V3-Picker-d64-h16	3	B6-MIN3	123	0.537109	0	8192	0
V3-Picker-d64-h16	3	B6-MIN3	777	0.537109	0	8192	0
V3-Picker-d64-h32	3	B1-ADD	42	1.000000	0	2048	0
V3-Picker-d64-h32	3	B1-ADD	123	1.000000	0	2048	0
V3-Picker-d64-h32	3	B1-ADD	777	1.000000	0	2048	0
V3-Picker-d64-h32	3	B2-MUL	42	0.000000	0	0	0
V3-Picker-d64-h32	3	B2-MUL	123	0.000000	0	0	0
V3-Picker-d64-h32	3	B2-MUL	777	0.000000	0	0	0
V3-Picker-d64-h32	3	B3-AND	42	1.000000	0	1024	0
V3-Picker-d64-h32	3	B3-AND	123	1.000000	0	1024	0
V3-Picker-d64-h32	3	B3-AND	777	1.000000	0	1024	0
V3-Picker-d64-h32	3	B3-OR	42	1.000000	0	1024	0
V3-Picker-d64-h32	3	B3-OR	123	1.000000	0	1024	0
V3-Picker-d64-h32	3	B3-OR	777	1.000000	0	1024	0
V3-Picker-d64-h32	3	B3-XOR	42	1.000000	0	1024	0
V3-Picker-d64-h32	3	B3-XOR	123	1.000000	0	1024	0
V3-Picker-d64-h32	3	B3-XOR	777	1.000000	0	1024	0
V3-Picker-d64-h32	3	B4-OP-SELECT	42	1.000000	549	12	41
V3-Picker-d64-h32	3	B4-OP-SELECT	123	1.000000	549	12	36
V3-Picker-d64-h32	3	B4-OP-SELECT	777	1.000000	549	12	36
V3-Picker-d64-h32	3	B5-MULTI-OP	42	1.000000	0	12288	0
V3-Picker-d64-h32	3	B5-MULTI-OP	123	1.000000	0	12288	0
V3-Picker-d64-h32	3	B5-MULTI-OP	777	1.000000	0	12288	0
V3-Picker-d64-h32	3	B6-MIN3	42	0.537109	0	8192	0
V3-Picker-d64-h32	3	B6-MIN3	123	0.537109	0	8192	0
V3-Picker-d64-h32	3	B6-MIN3	777	0.537109	0	8192	0
V3-Picker-d64-h64	3	B1-ADD	42	1.000000	0	2048	0
V3-Picker-d64-h64	3	B1-ADD	123	1.000000	0	2048	0
V3-Picker-d64-h64	3	B1-ADD	777	1.000000	0	2048	0
V3-Picker-d64-h64	3	B2-MUL	42	0.000000	0	0	0
V3-Picker-d64-h64	3	B2-MUL	123	0.000000	0	0	0
V3-Picker-d64-h64	3	B2-MUL	777	0.000000	0	0	0
V3-Picker-d64-h64	3	B3-AND	42	1.000000	0	1024	0
V3-Picker-d64-h64	3	B3-AND	123	1.000000	0	1024	0
V3-Picker-d64-h64	3	B3-AND	777	1.000000	0	1024	0
V3-Picker-d64-h64	3	B3-OR	42	1.000000	0	1024	0
V3-Picker-d64-h64	3	B3-OR	123	1.000000	0	1024	0
V3-Picker-d64-h64	3	B3-OR	777	1.000000	0	1024	0
V3-Picker-d64-h64	3	B3-XOR	42	1.000000	0	1024	0
V3-Picker-d64-h64	3	B3-XOR	123	1.000000	0	1024	0
V3-Picker-d64-h64	3	B3-XOR	777	1.000000	0	1024	0
V3-Picker-d64-h64	3	B4-OP-SELECT	42	1.000000	1093	12	37
V3-Picker-d64-h64	3	B4-OP-SELECT	123	1.000000	1093	12	44
V3-Picker-d64-h64	3	B4-OP-SELECT	777	1.000000	1093	12	48
V3-Picker-d64-h64	3	B5-MULTI-OP	42	1.000000	0	12288	0
V3-Picker-d64-h64	3	B5-MULTI-OP	123	1.000000	0	12288	0
V3-Picker-d64-h64	3	B5-MULTI-OP	777	1.000000	0	12288	0
V3-Picker-d64-h64	3	B6-MIN3	42	0.537109	0	8192	0
V3-Picker-d64-h64	3	B6-MIN3	123	0.537109	0	8192	0
V3-Picker-d64-h64	3	B6-MIN3	777	0.537109	0	8192	0
V4-Multi-d32-t1	4	B1-ADD	42	0.113281	1024	1024	0
V4-Multi-d32-t1	4	B1-ADD	123	0.097656	1024	1024	0
V4-Multi-d32-t1	4	B1-ADD	777	0.187500	1024	1024	0
V4-Multi-d32-t1	4	B2-MUL	42	0.179688	1024	1024	0
V4-Multi-d32-t1	4	B2-MUL	123	0.167969	1024	1024	0
V4-Multi-d32-t1	4	B2-MUL	777	0.183594	1024	1024	0
V4-Multi-d32-t1	4	B3-AND	42	0.308594	1024	1024	0
V4-Multi-d32-t1	4	B3-AND	123	0.296875	1024	1024	0
V4-Multi-d32-t1	4	B3-AND	777	0.308594	1024	1024	0
V4-Multi-d32-t1	4	B3-OR	42	0.316406	1024	1024	0
V4-Multi-d32-t1	4	B3-OR	123	0.316406	1024	1024	0
V4-Multi-d32-t1	4	B3-OR	777	0.316406	1024	1024	0
V4-Multi-d32-t1	4	B3-XOR	42	0.085938	1024	1024	0
V4-Multi-d32-t1	4	B3-XOR	123	0.105469	1024	1024	0
V4-Multi-d32-t1	4	B3-XOR	777	0.199219	1024	1024	0
V4-Multi-d32-t1	4	B4-OP-SELECT	42	0.117188	1024	1024	3
V4-Multi-d32-t1	4	B4-OP-SELECT	123	0.146875	1024	1024	3
V4-Multi-d32-t1	4	B4-OP-SELECT	777	0.110937	1024	1024	3
V4-Multi-d32-t1	4	B5-MULTI-OP	42	0.125000	1024	1024	1
V4-Multi-d32-t1	4	B5-MULTI-OP	123	0.257812	1024	1024	1
V4-Multi-d32-t1	4	B5-MULTI-OP	777	0.187500	1024	1024	1
V4-Multi-d32-t1	4	B6-MIN3	42	0.337891	1024	1024	1
V4-Multi-d32-t1	4	B6-MIN3	123	0.347656	1024	1024	1
V4-Multi-d32-t1	4	B6-MIN3	777	0.339844	1024	1024	1
V4-Multi-d32-t2	4	B1-ADD	42	0.136719	2048	2048	1
V4-Multi-d32-t2	4	B1-ADD	123	0.125000	2048	2048	1
V4-Multi-d32-t2	4	B1-ADD	777	0.183594	2048	2048	1
V4-Multi-d32-t2	4	B2-MUL	42	0.183594	2048	2048	1
V4-Multi-d32-t2	4	B2-MUL	123	0.179688	2048	2048	1
V4-Multi-d32-t2	4	B2-MUL	777	0.187500	2048	2048	1
V4-Multi-d32-t2	4	B3-AND	42	0.316406	2048	2048	1
V4-Multi-d32-t2	4	B3-AND	123	0.304688	2048	2048	1
V4-Multi-d32-t2	4	B3-AND	777	0.316406	2048	2048	1
V4-Multi-d32-t2	4	B3-OR	42	0.316406	2048	2048	1
V4-Multi-d32-t2	4	B3-OR	123	0.320312	2048	2048	1
V4-Multi-d32-t2	4	B3-OR	777	0.316406	2048	2048	1
V4-Multi-d32-t2	4	B3-XOR	42	0.152344	2048	2048	1
V4-Multi-d32-t2	4	B3-XOR	123	0.140625	2048	2048	1
V4-Multi-d32-t2	4	B3-XOR	777	0.246094	2048	2048	1
V4-Multi-d32-t2	4	B4-OP-SELECT	42	0.114844	2048	2048	8
V4-Multi-d32-t2	4	B4-OP-SELECT	123	0.141406	2048	2048	8
V4-Multi-d32-t2	4	B4-OP-SELECT	777	0.103125	2048	2048	8
V4-Multi-d32-t2	4	B5-MULTI-OP	42	0.164062	2048	2048	3
V4-Multi-d32-t2	4	B5-MULTI-OP	123	0.273438	2048	2048	3
V4-Multi-d32-t2	4	B5-MULTI-OP	777	0.164062	2048	2048	3
V4-Multi-d32-t2	4	B6-MIN3	42	0.339844	2048	2048	3
V4-Multi-d32-t2	4	B6-MIN3	123	0.349609	2048	2048	3
V4-Multi-d32-t2	4	B6-MIN3	777	0.328125	2048	2048	3
V4-Multi-d32-t4	4	B1-ADD	42	0.097656	4096	4096	2
V4-Multi-d32-t4	4	B1-ADD	123	0.074219	4096	4096	2
V4-Multi-d32-t4	4	B1-ADD	777	0.156250	4096	4096	2
V4-Multi-d32-t4	4	B2-MUL	42	0.187500	4096	4096	2
V4-Multi-d32-t4	4	B2-MUL	123	0.187500	4096	4096	2
V4-Multi-d32-t4	4	B2-MUL	777	0.187500	4096	4096	2
V4-Multi-d32-t4	4	B3-AND	42	0.316406	4096	4096	2
V4-Multi-d32-t4	4	B3-AND	123	0.316406	4096	4096	2
V4-Multi-d32-t4	4	B3-AND	777	0.316406	4096	4096	2
V4-Multi-d32-t4	4	B3-OR	42	0.316406	4096	4096	3
V4-Multi-d32-t4	4	B3-OR	123	0.316406	4096	4096	2
V4-Multi-d32-t4	4	B3-OR	777	0.316406	4096	4096	2
V4-Multi-d32-t4	4	B3-XOR	42	0.082031	4096	4096	2
V4-Multi-d32-t4	4	B3-XOR	123	0.125000	4096	4096	2
V4-Multi-d32-t4	4	B3-XOR	777	0.203125	4096	4096	2
V4-Multi-d32-t4	4	B4-OP-SELECT	42	0.101562	4096	4096	15
V4-Multi-d32-t4	4	B4-OP-SELECT	123	0.142969	4096	4096	14
V4-Multi-d32-t4	4	B4-OP-SELECT	777	0.109375	4096	4096	14
V4-Multi-d32-t4	4	B5-MULTI-OP	42	0.125000	4096	4096	6
V4-Multi-d32-t4	4	B5-MULTI-OP	123	0.218750	4096	4096	5
V4-Multi-d32-t4	4	B5-MULTI-OP	777	0.132812	4096	4096	5
V4-Multi-d32-t4	4	B6-MIN3	42	0.330078	4096	4096	5
V4-Multi-d32-t4	4	B6-MIN3	123	0.361328	4096	4096	5
V4-Multi-d32-t4	4	B6-MIN3	777	0.330078	4096	4096	5
V4-Multi-d64-t1	4	B1-ADD	42	0.121094	4096	4096	2
V4-Multi-d64-t1	4	B1-ADD	123	0.148438	4096	4096	2
V4-Multi-d64-t1	4	B1-ADD	777	0.125000	4096	4096	2
V4-Multi-d64-t1	4	B2-MUL	42	0.183594	4096	4096	2
V4-Multi-d64-t1	4	B2-MUL	123	0.179688	4096	4096	2
V4-Multi-d64-t1	4	B2-MUL	777	0.183594	4096	4096	2
V4-Multi-d64-t1	4	B3-AND	42	0.308594	4096	4096	2
V4-Multi-d64-t1	4	B3-AND	123	0.304688	4096	4096	2
V4-Multi-d64-t1	4	B3-AND	777	0.304688	4096	4096	2
V4-Multi-d64-t1	4	B3-OR	42	0.316406	4096	4096	2
V4-Multi-d64-t1	4	B3-OR	123	0.316406	4096	4096	2
V4-Multi-d64-t1	4	B3-OR	777	0.316406	4096	4096	2
V4-Multi-d64-t1	4	B3-XOR	42	0.179688	4096	4096	2
V4-Multi-d64-t1	4	B3-XOR	123	0.210938	4096	4096	2
V4-Multi-d64-t1	4	B3-XOR	777	0.078125	4096	4096	2
V4-Multi-d64-t1	4	B4-OP-SELECT	42	0.127344	4096	4096	13
V4-Multi-d64-t1	4	B4-OP-SELECT	123	0.120313	4096	4096	13
V4-Multi-d64-t1	4	B4-OP-SELECT	777	0.125000	4096	4096	13
V4-Multi-d64-t1	4	B5-MULTI-OP	42	0.210938	4096	4096	5
V4-Multi-d64-t1	4	B5-MULTI-OP	123	0.148438	4096	4096	5
V4-Multi-d64-t1	4	B5-MULTI-OP	777	0.218750	4096	4096	5
V4-Multi-d64-t1	4	B6-MIN3	42	0.324219	4096	4096	5
V4-Multi-d64-t1	4	B6-MIN3	123	0.330078	4096	4096	5
V4-Multi-d64-t1	4	B6-MIN3	777	0.349609	4096	4096	5
V4-Multi-d64-t2	4	B1-ADD	42	0.183594	8192	8192	7
V4-Multi-d64-t2	4	B1-ADD	123	0.160156	8192	8192	7
V4-Multi-d64-t2	4	B1-ADD	777	0.152344	8192	8192	7
V4-Multi-d64-t2	4	B2-MUL	42	0.183594	8192	8192	8
V4-Multi-d64-t2	4	B2-MUL	123	0.187500	8192	8192	7
V4-Multi-d64-t2	4	B2-MUL	777	0.191406	8192	8192	7
V4-Multi-d64-t2	4	B3-AND	42	0.308594	8192	8192	7
V4-Multi-d64-t2	4	B3-AND	123	0.308594	8192	8192	7
V4-Multi-d64-t2	4	B3-AND	777	0.316406	8192	8192	7
V4-Multi-d64-t2	4	B3-OR	42	0.316406	8192	8192	7
V4-Multi-d64-t2	4	B3-OR	123	0.316406	8192	8192	7
V4-Multi-d64-t2	4	B3-OR	777	0.320312	8192	8192	7
V4-Multi-d64-t2	4	B3-XOR	42	0.199219	8192	8192	7
V4-Multi-d64-t2	4	B3-XOR	123	0.207031	8192	8192	7
V4-Multi-d64-t2	4	B3-XOR	777	0.136719	8192	8192	7
V4-Multi-d64-t2	4	B4-OP-SELECT	42	0.127344	8192	8192	37
V4-Multi-d64-t2	4	B4-OP-SELECT	123	0.121094	8192	8192	36
V4-Multi-d64-t2	4	B4-OP-SELECT	777	0.123438	8192	8192	39
V4-Multi-d64-t2	4	B5-MULTI-OP	42	0.234375	8192	8192	14
V4-Multi-d64-t2	4	B5-MULTI-OP	123	0.156250	8192	8192	16
V4-Multi-d64-t2	4	B5-MULTI-OP	777	0.234375	8192	8192	15
V4-Multi-d64-t2	4	B6-MIN3	42	0.324219	8192	8192	14
V4-Multi-d64-t2	4	B6-MIN3	123	0.330078	8192	8192	15
V4-Multi-d64-t2	4	B6-MIN3	777	0.359375	8192	8192	14
V4-Multi-d64-t4	4	B1-ADD	42	0.125000	16384	16384	12
V4-Multi-d64-t4	4	B1-ADD	123	0.121094	16384	16384	12
V4-Multi-d64-t4	4	B1-ADD	777	0.078125	16384	16384	12
V4-Multi-d64-t4	4	B2-MUL	42	0.187500	16384	16384	12
V4-Multi-d64-t4	4	B2-MUL	123	0.187500	16384	16384	12
V4-Multi-d64-t4	4	B2-MUL	777	0.187500	16384	16384	12
V4-Multi-d64-t4	4	B3-AND	42	0.316406	16384	16384	12
V4-Multi-d64-t4	4	B3-AND	123	0.316406	16384	16384	12
V4-Multi-d64-t4	4	B3-AND	777	0.316406	16384	16384	12
V4-Multi-d64-t4	4	B3-OR	42	0.316406	16384	16384	12
V4-Multi-d64-t4	4	B3-OR	123	0.316406	16384	16384	12
V4-Multi-d64-t4	4	B3-OR	777	0.316406	16384	16384	12
V4-Multi-d64-t4	4	B3-XOR	42	0.152344	16384	16384	12
V4-Multi-d64-t4	4	B3-XOR	123	0.195312	16384	16384	12
V4-Multi-d64-t4	4	B3-XOR	777	0.070312	16384	16384	12
V4-Multi-d64-t4	4	B4-OP-SELECT	42	0.125781	16384	16384	64
V4-Multi-d64-t4	4	B4-OP-SELECT	123	0.121094	16384	16384	64
V4-Multi-d64-t4	4	B4-OP-SELECT	777	0.123438	16384	16384	62
V4-Multi-d64-t4	4	B5-MULTI-OP	42	0.195312	16384	16384	25
V4-Multi-d64-t4	4	B5-MULTI-OP	123	0.132812	16384	16384	25
V4-Multi-d64-t4	4	B5-MULTI-OP	777	0.226562	16384	16384	28
V4-Multi-d64-t4	4	B6-MIN3	42	0.330078	16384	16384	25
V4-Multi-d64-t4	4	B6-MIN3	123	0.330078	16384	16384	27
V4-Multi-d64-t4	4	B6-MIN3	777	0.359375	16384	16384	25
V5-Stack-d32-L1	5	B1-ADD	42	0.113281	1024	1024	0
V5-Stack-d32-L1	5	B1-ADD	123	0.097656	1024	1024	0
V5-Stack-d32-L1	5	B1-ADD	777	0.187500	1024	1024	0
V5-Stack-d32-L1	5	B2-MUL	42	0.179688	1024	1024	0
V5-Stack-d32-L1	5	B2-MUL	123	0.167969	1024	1024	0
V5-Stack-d32-L1	5	B2-MUL	777	0.183594	1024	1024	0
V5-Stack-d32-L1	5	B3-AND	42	0.308594	1024	1024	0
V5-Stack-d32-L1	5	B3-AND	123	0.296875	1024	1024	0
V5-Stack-d32-L1	5	B3-AND	777	0.308594	1024	1024	0
V5-Stack-d32-L1	5	B3-OR	42	0.316406	1024	1024	0
V5-Stack-d32-L1	5	B3-OR	123	0.316406	1024	1024	0
V5-Stack-d32-L1	5	B3-OR	777	0.316406	1024	1024	0
V5-Stack-d32-L1	5	B3-XOR	42	0.085938	1024	1024	0
V5-Stack-d32-L1	5	B3-XOR	123	0.105469	1024	1024	0
V5-Stack-d32-L1	5	B3-XOR	777	0.199219	1024	1024	0
V5-Stack-d32-L1	5	B4-OP-SELECT	42	0.117188	1024	1024	3
V5-Stack-d32-L1	5	B4-OP-SELECT	123	0.146875	1024	1024	3
V5-Stack-d32-L1	5	B4-OP-SELECT	777	0.110937	1024	1024	3
V5-Stack-d32-L1	5	B5-MULTI-OP	42	0.125000	1024	1024	1
V5-Stack-d32-L1	5	B5-MULTI-OP	123	0.257812	1024	1024	1
V5-Stack-d32-L1	5	B5-MULTI-OP	777	0.187500	1024	1024	1
V5-Stack-d32-L1	5	B6-MIN3	42	0.337891	1024	1024	1
V5-Stack-d32-L1	5	B6-MIN3	123	0.347656	1024	1024	1
V5-Stack-d32-L1	5	B6-MIN3	777	0.339844	1024	1024	1
V5-Stack-d32-L2	5	B1-ADD	42	0.136719	2048	2048	1
V5-Stack-d32-L2	5	B1-ADD	123	0.125000	2048	2048	1
V5-Stack-d32-L2	5	B1-ADD	777	0.183594	2048	2048	1
V5-Stack-d32-L2	5	B2-MUL	42	0.183594	2048	2048	1
V5-Stack-d32-L2	5	B2-MUL	123	0.179688	2048	2048	1
V5-Stack-d32-L2	5	B2-MUL	777	0.187500	2048	2048	1
V5-Stack-d32-L2	5	B3-AND	42	0.316406	2048	2048	1
V5-Stack-d32-L2	5	B3-AND	123	0.304688	2048	2048	1
V5-Stack-d32-L2	5	B3-AND	777	0.316406	2048	2048	2
V5-Stack-d32-L2	5	B3-OR	42	0.316406	2048	2048	1
V5-Stack-d32-L2	5	B3-OR	123	0.320312	2048	2048	1
V5-Stack-d32-L2	5	B3-OR	777	0.316406	2048	2048	1
V5-Stack-d32-L2	5	B3-XOR	42	0.152344	2048	2048	1
V5-Stack-d32-L2	5	B3-XOR	123	0.140625	2048	2048	1
V5-Stack-d32-L2	5	B3-XOR	777	0.246094	2048	2048	1
V5-Stack-d32-L2	5	B4-OP-SELECT	42	0.114844	2048	2048	8
V5-Stack-d32-L2	5	B4-OP-SELECT	123	0.141406	2048	2048	8
V5-Stack-d32-L2	5	B4-OP-SELECT	777	0.103125	2048	2048	8
V5-Stack-d32-L2	5	B5-MULTI-OP	42	0.164062	2048	2048	3
V5-Stack-d32-L2	5	B5-MULTI-OP	123	0.273438	2048	2048	3
V5-Stack-d32-L2	5	B5-MULTI-OP	777	0.164062	2048	2048	3
V5-Stack-d32-L2	5	B6-MIN3	42	0.339844	2048	2048	3
V5-Stack-d32-L2	5	B6-MIN3	123	0.349609	2048	2048	3
V5-Stack-d32-L2	5	B6-MIN3	777	0.328125	2048	2048	3
V5-Stack-d32-L3	5	B1-ADD	42	0.078125	3072	3072	2
V5-Stack-d32-L3	5	B1-ADD	123	0.082031	3072	3072	2
V5-Stack-d32-L3	5	B1-ADD	777	0.164062	3072	3072	3
V5-Stack-d32-L3	5	B2-MUL	42	0.183594	3072	3072	2
V5-Stack-d32-L3	5	B2-MUL	123	0.187500	3072	3072	2
V5-Stack-d32-L3	5	B2-MUL	777	0.187500	3072	3072	2
V5-Stack-d32-L3	5	B3-AND	42	0.316406	3072	3072	2
V5-Stack-d32-L3	5	B3-AND	123	0.316406	3072	3072	2
V5-Stack-d32-L3	5	B3-AND	777	0.316406	3072	3072	2
V5-Stack-d32-L3	5	B3-OR	42	0.316406	3072	3072	2
V5-Stack-d32-L3	5	B3-OR	123	0.316406	3072	3072	2
V5-Stack-d32-L3	5	B3-OR	777	0.316406	3072	3072	2
V5-Stack-d32-L3	5	B3-XOR	42	0.058594	3072	3072	2
V5-Stack-d32-L3	5	B3-XOR	123	0.113281	3072	3072	2
V5-Stack-d32-L3	5	B3-XOR	777	0.140625	3072	3072	2
V5-Stack-d32-L3	5	B4-OP-SELECT	42	0.101562	3072	3072	14
V5-Stack-d32-L3	5	B4-OP-SELECT	123	0.141406	3072	3072	14
V5-Stack-d32-L3	5	B4-OP-SELECT	777	0.109375	3072	3072	13
V5-Stack-d32-L3	5	B5-MULTI-OP	42	0.125000	3072	3072	6
V5-Stack-d32-L3	5	B5-MULTI-OP	123	0.226562	3072	3072	6
V5-Stack-d32-L3	5	B5-MULTI-OP	777	0.132812	3072	3072	6
V5-Stack-d32-L3	5	B6-MIN3	42	0.330078	3072	3072	6
V5-Stack-d32-L3	5	B6-MIN3	123	0.361328	3072	3072	5
V5-Stack-d32-L3	5	B6-MIN3	777	0.328125	3072	3072	6
V5-Stack-d64-L1	5	B1-ADD	42	0.121094	4096	4096	2
V5-Stack-d64-L1	5	B1-ADD	123	0.148438	4096	4096	2
V5-Stack-d64-L1	5	B1-ADD	777	0.125000	4096	4096	2
V5-Stack-d64-L1	5	B2-MUL	42	0.183594	4096	4096	2
V5-Stack-d64-L1	5	B2-MUL	123	0.179688	4096	4096	2
V5-Stack-d64-L1	5	B2-MUL	777	0.183594	4096	4096	2
V5-Stack-d64-L1	5	B3-AND	42	0.308594	4096	4096	2
V5-Stack-d64-L1	5	B3-AND	123	0.304688	4096	4096	2
V5-Stack-d64-L1	5	B3-AND	777	0.304688	4096	4096	2
V5-Stack-d64-L1	5	B3-OR	42	0.316406	4096	4096	2
V5-Stack-d64-L1	5	B3-OR	123	0.316406	4096	4096	2
V5-Stack-d64-L1	5	B3-OR	777	0.316406	4096	4096	2
V5-Stack-d64-L1	5	B3-XOR	42	0.179688	4096	4096	2
V5-Stack-d64-L1	5	B3-XOR	123	0.210938	4096	4096	2
V5-Stack-d64-L1	5	B3-XOR	777	0.078125	4096	4096	2
V5-Stack-d64-L1	5	B4-OP-SELECT	42	0.127344	4096	4096	12
V5-Stack-d64-L1	5	B4-OP-SELECT	123	0.120313	4096	4096	13
V5-Stack-d64-L1	5	B4-OP-SELECT	777	0.125000	4096	4096	13
V5-Stack-d64-L1	5	B5-MULTI-OP	42	0.210938	4096	4096	5
V5-Stack-d64-L1	5	B5-MULTI-OP	123	0.148438	4096	4096	5
V5-Stack-d64-L1	5	B5-MULTI-OP	777	0.218750	4096	4096	5
V5-Stack-d64-L1	5	B6-MIN3	42	0.324219	4096	4096	5
V5-Stack-d64-L1	5	B6-MIN3	123	0.330078	4096	4096	5
V5-Stack-d64-L1	5	B6-MIN3	777	0.349609	4096	4096	5
V5-Stack-d64-L2	5	B1-ADD	42	0.183594	8192	8192	7
V5-Stack-d64-L2	5	B1-ADD	123	0.160156	8192	8192	7
V5-Stack-d64-L2	5	B1-ADD	777	0.152344	8192	8192	7
V5-Stack-d64-L2	5	B2-MUL	42	0.183594	8192	8192	7
V5-Stack-d64-L2	5	B2-MUL	123	0.187500	8192	8192	7
V5-Stack-d64-L2	5	B2-MUL	777	0.191406	8192	8192	7
V5-Stack-d64-L2	5	B3-AND	42	0.308594	8192	8192	7
V5-Stack-d64-L2	5	B3-AND	123	0.308594	8192	8192	7
V5-Stack-d64-L2	5	B3-AND	777	0.316406	8192	8192	7
V5-Stack-d64-L2	5	B3-OR	42	0.316406	8192	8192	7
V5-Stack-d64-L2	5	B3-OR	123	0.316406	8192	8192	7
V5-Stack-d64-L2	5	B3-OR	777	0.320312	8192	8192	7
V5-Stack-d64-L2	5	B3-XOR	42	0.199219	8192	8192	7
V5-Stack-d64-L2	5	B3-XOR	123	0.207031	8192	8192	7
V5-Stack-d64-L2	5	B3-XOR	777	0.136719	8192	8192	7
V5-Stack-d64-L2	5	B4-OP-SELECT	42	0.127344	8192	8192	36
V5-Stack-d64-L2	5	B4-OP-SELECT	123	0.121094	8192	8192	38
V5-Stack-d64-L2	5	B4-OP-SELECT	777	0.123438	8192	8192	37
V5-Stack-d64-L2	5	B5-MULTI-OP	42	0.234375	8192	8192	15
V5-Stack-d64-L2	5	B5-MULTI-OP	123	0.156250	8192	8192	15
V5-Stack-d64-L2	5	B5-MULTI-OP	777	0.234375	8192	8192	14
V5-Stack-d64-L2	5	B6-MIN3	42	0.324219	8192	8192	15
V5-Stack-d64-L2	5	B6-MIN3	123	0.330078	8192	8192	14
V5-Stack-d64-L2	5	B6-MIN3	777	0.359375	8192	8192	15
V5-Stack-d64-L3	5	B1-ADD	42	0.125000	12288	12288	12
V5-Stack-d64-L3	5	B1-ADD	123	0.121094	12288	12288	12
V5-Stack-d64-L3	5	B1-ADD	777	0.089844	12288	12288	12
V5-Stack-d64-L3	5	B2-MUL	42	0.183594	12288	12288	13
V5-Stack-d64-L3	5	B2-MUL	123	0.187500	12288	12288	13
V5-Stack-d64-L3	5	B2-MUL	777	0.187500	12288	12288	13
V5-Stack-d64-L3	5	B3-AND	42	0.308594	12288	12288	13
V5-Stack-d64-L3	5	B3-AND	123	0.308594	12288	12288	12
V5-Stack-d64-L3	5	B3-AND	777	0.316406	12288	12288	12
V5-Stack-d64-L3	5	B3-OR	42	0.316406	12288	12288	12
V5-Stack-d64-L3	5	B3-OR	123	0.316406	12288	12288	12
V5-Stack-d64-L3	5	B3-OR	777	0.316406	12288	12288	14
V5-Stack-d64-L3	5	B3-XOR	42	0.160156	12288	12288	12
V5-Stack-d64-L3	5	B3-XOR	123	0.199219	12288	12288	12
V5-Stack-d64-L3	5	B3-XOR	777	0.050781	12288	12288	12
V5-Stack-d64-L3	5	B4-OP-SELECT	42	0.125781	12288	12288	60
V5-Stack-d64-L3	5	B4-OP-SELECT	123	0.121094	12288	12288	65
V5-Stack-d64-L3	5	B4-OP-SELECT	777	0.123438	12288	12288	69
V5-Stack-d64-L3	5	B5-MULTI-OP	42	0.195312	12288	12288	25
V5-Stack-d64-L3	5	B5-MULTI-OP	123	0.132812	12288	12288	24
V5-Stack-d64-L3	5	B5-MULTI-OP	777	0.226562	12288	12288	24
V5-Stack-d64-L3	5	B6-MIN3	42	0.324219	12288	12288	25
V5-Stack-d64-L3	5	B6-MIN3	123	0.322266	12288	12288	24
V5-Stack-d64-L3	5	B6-MIN3	777	0.359375	12288	12288	25
V6-Hybrid-d32	6	B1-ADD	42	1.000000	1280	1024	0
V6-Hybrid-d32	6	B1-ADD	123	1.000000	1280	1024	0
V6-Hybrid-d32	6	B1-ADD	777	1.000000	1280	1024	0
V6-Hybrid-d32	6	B2-MUL	42	0.179688	1280	1024	0
V6-Hybrid-d32	6	B2-MUL	123	0.167969	1280	1024	0
V6-Hybrid-d32	6	B2-MUL	777	0.183594	1280	1024	0
V6-Hybrid-d32	6	B3-AND	42	1.000000	1280	1024	0
V6-Hybrid-d32	6	B3-AND	123	1.000000	1280	1024	0
V6-Hybrid-d32	6	B3-AND	777	1.000000	1280	1024	0
V6-Hybrid-d32	6	B3-OR	42	1.000000	1280	1024	0
V6-Hybrid-d32	6	B3-OR	123	1.000000	1280	1024	0
V6-Hybrid-d32	6	B3-OR	777	1.000000	1280	1024	0
V6-Hybrid-d32	6	B3-XOR	42	1.000000	1280	1024	0
V6-Hybrid-d32	6	B3-XOR	123	1.000000	1280	1024	0
V6-Hybrid-d32	6	B3-XOR	777	1.000000	1280	1024	0
V6-Hybrid-d32	6	B4-OP-SELECT	42	0.117188	1376	1024	6
V6-Hybrid-d32	6	B4-OP-SELECT	123	0.146875	1376	1024	3
V6-Hybrid-d32	6	B4-OP-SELECT	777	0.110937	1376	1024	3
V6-Hybrid-d32	6	B5-MULTI-OP	42	0.125000	1600	1024	1
V6-Hybrid-d32	6	B5-MULTI-OP	123	0.257812	1600	1024	1
V6-Hybrid-d32	6	B5-MULTI-OP	777	0.187500	1600	1024	1
V6-Hybrid-d32	6	B6-MIN3	42	0.337891	1312	1024	1
V6-Hybrid-d32	6	B6-MIN3	123	0.347656	1312	1024	1
V6-Hybrid-d32	6	B6-MIN3	777	0.339844	1312	1024	1
V6-Hybrid-d64	6	B1-ADD	42	1.000000	4608	4096	2
V6-Hybrid-d64	6	B1-ADD	123	1.000000	4608	4096	2
V6-Hybrid-d64	6	B1-ADD	777	1.000000	4608	4096	2
V6-Hybrid-d64	6	B2-MUL	42	0.183594	4608	4096	2
V6-Hybrid-d64	6	B2-MUL	123	0.179688	4608	4096	2
V6-Hybrid-d64	6	B2-MUL	777	0.183594	4608	4096	2
V6-Hybrid-d64	6	B3-AND	42	1.000000	4608	4096	2
V6-Hybrid-d64	6	B3-AND	123	1.000000	4608	4096	2
V6-Hybrid-d64	6	B3-AND	777	1.000000	4608	4096	2
V6-Hybrid-d64	6	B3-OR	42	1.000000	4608	4096	2
V6-Hybrid-d64	6	B3-OR	123	1.000000	4608	4096	2
V6-Hybrid-d64	6	B3-OR	777	1.000000	4608	4096	2
V6-Hybrid-d64	6	B3-XOR	42	1.000000	4608	4096	2
V6-Hybrid-d64	6	B3-XOR	123	1.000000	4608	4096	2
V6-Hybrid-d64	6	B3-XOR	777	1.000000	4608	4096	2
V6-Hybrid-d64	6	B4-OP-SELECT	42	0.127344	4800	4096	13
V6-Hybrid-d64	6	B4-OP-SELECT	123	0.120313	4800	4096	12
V6-Hybrid-d64	6	B4-OP-SELECT	777	0.125000	4800	4096	13
V6-Hybrid-d64	6	B5-MULTI-OP	42	0.210938	5248	4096	5
V6-Hybrid-d64	6	B5-MULTI-OP	123	0.148438	5248	4096	5
V6-Hybrid-d64	6	B5-MULTI-OP	777	0.218750	5248	4096	5
V6-Hybrid-d64	6	B6-MIN3	42	0.324219	4672	4096	5
V6-Hybrid-d64	6	B6-MIN3	123	0.330078	4672	4096	5
V6-Hybrid-d64	6	B6-MIN3	777	0.349609	4672	4096	5
V7-Neural-h32	7	B1-ADD	42	1.000000	816	816	55
V7-Neural-h32	7	B1-ADD	123	1.000000	816	816	55
V7-Neural-h32	7	B1-ADD	777	1.000000	816	816	43
V7-Neural-h32	7	B2-MUL	42	1.000000	816	816	304
V7-Neural-h32	7	B2-MUL	123	1.000000	816	816	296
V7-Neural-h32	7	B2-MUL	777	1.000000	816	816	289
V7-Neural-h32	7	B3-AND	42	1.000000	816	816	225
V7-Neural-h32	7	B3-AND	123	1.000000	816	816	224
V7-Neural-h32	7	B3-AND	777	1.000000	816	816	285
V7-Neural-h32	7	B3-OR	42	1.000000	816	816	183
V7-Neural-h32	7	B3-OR	123	1.000000	816	816	198
V7-Neural-h32	7	B3-OR	777	1.000000	816	816	261
V7-Neural-h32	7	B3-XOR	42	1.000000	816	816	33
V7-Neural-h32	7	B3-XOR	123	1.000000	816	816	29
V7-Neural-h32	7	B3-XOR	777	1.000000	816	816	25
V7-Neural-h32	7	B4-OP-SELECT	42	0.996094	912	912	1728
V7-Neural-h32	7	B4-OP-SELECT	123	0.996094	912	912	1668
V7-Neural-h32	7	B4-OP-SELECT	777	0.999219	912	912	1279
V7-Neural-h32	7	B5-MULTI-OP	42	1.000000	1136	1136	183
V7-Neural-h32	7	B5-MULTI-OP	123	1.000000	1136	1136	218
V7-Neural-h32	7	B5-MULTI-OP	777	1.000000	1136	1136	197
V7-Neural-h32	7	B6-MIN3	42	0.998047	584	584	458
V7-Neural-h32	7	B6-MIN3	123	0.998047	584	584	449
V7-Neural-h32	7	B6-MIN3	777	0.998047	584	584	444
V7-Neural-h64	7	B1-ADD	42	1.000000	1616	1616	74
V7-Neural-h64	7	B1-ADD	123	1.000000	1616	1616	60
V7-Neural-h64	7	B1-ADD	777	1.000000	1616	1616	71
V7-Neural-h64	7	B2-MUL	42	1.000000	1616	1616	230
V7-Neural-h64	7	B2-MUL	123	1.000000	1616	1616	267
V7-Neural-h64	7	B2-MUL	777	1.000000	1616	1616	259
V7-Neural-h64	7	B3-AND	42	1.000000	1616	1616	185
V7-Neural-h64	7	B3-AND	123	1.000000	1616	1616	211
V7-Neural-h64	7	B3-AND	777	1.000000	1616	1616	249
V7-Neural-h64	7	B3-OR	42	1.000000	1616	1616	205
V7-Neural-h64	7	B3-OR	123	1.000000	1616	1616	194
V7-Neural-h64	7	B3-OR	777	1.000000	1616	1616	232
V7-Neural-h64	7	B3-XOR	42	1.000000	1616	1616	39
V7-Neural-h64	7	B3-XOR	123	1.000000	1616	1616	38
V7-Neural-h64	7	B3-XOR	777	1.000000	1616	1616	53
V7-Neural-h64	7	B4-OP-SELECT	42	0.999219	1808	1808	1033
V7-Neural-h64	7	B4-OP-SELECT	123	0.999219	1808	1808	1114
V7-Neural-h64	7	B4-OP-SELECT	777	0.999219	1808	1808	1099
V7-Neural-h64	7	B5-MULTI-OP	42	1.000000	2256	2256	185
V7-Neural-h64	7	B5-MULTI-OP	123	1.000000	2256	2256	223
V7-Neural-h64	7	B5-MULTI-OP	777	1.000000	2256	2256	218
V7-Neural-h64	7	B6-MIN3	42	1.000000	1160	1160	778
V7-Neural-h64	7	B6-MIN3	123	0.998047	1160	1160	845
V7-Neural-h64	7	B6-MIN3	777	1.000000	1160	1160	785
V7-Neural-h128	7	B1-ADD	42	1.000000	3216	3216	106
V7-Neural-h128	7	B1-ADD	123	1.000000	3216	3216	88
V7-Neural-h128	7	B1-ADD	777	1.000000	3216	3216	121
V7-Neural-h128	7	B2-MUL	42	1.000000	3216	3216	209
V7-Neural-h128	7	B2-MUL	123	1.000000	3216	3216	205
V7-Neural-h128	7	B2-MUL	777	1.000000	3216	3216	213
V7-Neural-h128	7	B3-AND	42	1.000000	3216	3216	211
V7-Neural-h128	7	B3-AND	123	1.000000	3216	3216	217
V7-Neural-h128	7	B3-AND	777	1.000000	3216	3216	219
V7-Neural-h128	7	B3-OR	42	1.000000	3216	3216	251
V7-Neural-h128	7	B3-OR	123	1.000000	3216	3216	235
V7-Neural-h128	7	B3-OR	777	1.000000	3216	3216	301
V7-Neural-h128	7	B3-XOR	42	1.000000	3216	3216	59
V7-Neural-h128	7	B3-XOR	123	1.000000	3216	3216	65
V7-Neural-h128	7	B3-XOR	777	1.000000	3216	3216	64
V7-Neural-h128	7	B4-OP-SELECT	42	0.999219	3600	3600	1323
V7-Neural-h128	7	B4-OP-SELECT	123	0.999219	3600	3600	1061
V7-Neural-h128	7	B4-OP-SELECT	777	0.999219	3600	3600	1214
V7-Neural-h128	7	B5-MULTI-OP	42	1.000000	4496	4496	260
V7-Neural-h128	7	B5-MULTI-OP	123	1.000000	4496	4496	286
V7-Neural-h128	7	B5-MULTI-OP	777	1.000000	4496	4496	235
V7-Neural-h128	7	B6-MIN3	42	1.000000	2312	2312	835
V7-Neural-h128	7	B6-MIN3	123	1.000000	2312	2312	853
V7-Neural-h128	7	B6-MIN3	777	1.000000	2312	2312	750
