step,loss,bpc,acc,gnorm,lr,elapsed_s
1,5.549426,8.0062,0.002685,0.2628,0.000020,2.3
2,5.551566,8.0092,0.002919,0.2636,0.000040,4.7
3,5.552328,8.0103,0.001194,0.2754,0.000060,7.5
4,5.546977,8.0026,0.001709,0.2674,0.000080,10.3
5,5.541652,7.9949,0.004447,0.2712,0.000100,12.9
6,5.543062,7.9970,0.002734,0.2624,0.000120,15.5
7,5.544055,7.9984,0.004442,0.2722,0.000140,18.2
8,5.535876,7.9866,0.003595,0.2632,0.000160,20.8
9,5.533677,7.9834,0.004438,0.2571,0.000180,23.7
10,5.524719,7.9705,0.003930,0.2637,0.000200,26.3
11,5.525349,7.9714,0.004276,0.2600,0.000220,29.0
12,5.515491,7.9572,0.006499,0.2531,0.000240,31.7
13,5.516086,7.9581,0.006663,0.2560,0.000260,34.3
14,5.508307,7.9468,0.005644,0.2561,0.000280,37.0
15,5.496003,7.9291,0.008209,0.2552,0.000300,39.9
16,5.490668,7.9214,0.030785,0.2575,0.000320,42.5
17,5.482128,7.9091,0.045664,0.2598,0.000340,45.0
18,5.473699,7.8969,0.050402,0.2623,0.000360,47.6
19,5.464575,7.8837,0.065711,0.2643,0.000380,50.4
20,5.464315,7.8834,0.074722,0.2597,0.000400,53.0
21,5.454302,7.8689,0.078341,0.2646,0.000420,56.0
22,5.439496,7.8476,0.079870,0.2740,0.000440,58.7
23,5.426824,7.8293,0.082009,0.2793,0.000460,61.4
24,5.411367,7.8070,0.087818,0.2822,0.000480,64.1
25,5.410421,7.8056,0.101724,0.2935,0.000500,66.7
26,5.396791,7.7859,0.107969,0.2961,0.000520,69.3
27,5.372310,7.7506,0.119986,0.3024,0.000540,72.1
28,5.360503,7.7336,0.118913,0.2991,0.000560,74.8
29,5.353331,7.7233,0.121943,0.3152,0.000580,77.4
30,5.346621,7.7136,0.126943,0.2993,0.000600,80.0
31,5.323147,7.6797,0.131251,0.3085,0.000620,82.6
32,5.310029,7.6608,0.129087,0.3216,0.000640,85.2
33,5.298769,7.6445,0.129374,0.3196,0.000660,88.1
34,5.292403,7.6354,0.129848,0.3257,0.000680,90.8
35,5.270111,7.6032,0.133333,0.3137,0.000700,93.4
36,5.237608,7.5563,0.133129,0.3108,0.000720,96.2
37,5.218932,7.5294,0.132240,0.3251,0.000740,98.8
38,5.218071,7.5281,0.131520,0.3139,0.000760,101.6
39,5.193765,7.4930,0.130398,0.3142,0.000780,104.3
40,5.188215,7.4850,0.130591,0.3109,0.000800,107.3
41,5.153958,7.4356,0.134119,0.3216,0.000820,110.5
42,5.154627,7.4366,0.135625,0.3038,0.000840,113.1
43,5.123134,7.3911,0.133811,0.3182,0.000860,115.9
44,5.109887,7.3720,0.133333,0.3089,0.000880,118.8
45,5.092478,7.3469,0.133982,0.3120,0.000900,121.5
46,5.072081,7.3175,0.139559,0.3039,0.000920,124.3
47,5.055304,7.2933,0.133436,0.3086,0.000940,127.0
48,5.046054,7.2799,0.128613,0.3012,0.000960,129.7
49,5.026777,7.2521,0.130568,0.2939,0.000980,132.4
50,5.004013,7.2193,0.131007,0.2960,0.001000,135.1
51,5.002644,7.2173,0.130836,0.2881,0.001000,137.9
52,4.972842,7.1743,0.131862,0.2897,0.001000,140.8
53,4.954483,7.1478,0.135144,0.2935,0.001000,143.5
54,4.947730,7.1381,0.131691,0.2896,0.001000,146.3
55,4.929118,7.1112,0.134290,0.2876,0.001000,149.1
56,4.902617,7.0730,0.135112,0.2818,0.001000,151.8
57,4.889568,7.0542,0.134974,0.2770,0.001000,154.5
58,4.894238,7.0609,0.135486,0.2775,0.001000,157.2
59,4.869940,7.0259,0.136138,0.2648,0.001000,159.9
60,4.846014,6.9913,0.133811,0.2591,0.001000,162.7
61,4.836093,6.9770,0.131763,0.2483,0.001000,165.3
62,4.816247,6.9484,0.133915,0.2397,0.001000,168.0
63,4.814196,6.9454,0.129715,0.2281,0.001000,170.8
64,4.795747,6.9188,0.133744,0.2207,0.001000,173.6
65,4.798736,6.9231,0.132547,0.2159,0.001000,176.2
66,4.771314,6.8836,0.133265,0.2058,0.001000,178.9
67,4.760767,6.8684,0.136371,0.2183,0.001000,181.6
68,4.756499,6.8622,0.139017,0.2327,0.001000,184.3
69,4.762275,6.8705,0.134323,0.2108,0.001000,187.1
70,4.759925,6.8671,0.131277,0.2040,0.001000,190.0
71,4.733834,6.8295,0.138250,0.1871,0.001000,192.7
72,4.730840,6.8252,0.136535,0.1702,0.001000,195.4
73,4.721718,6.8120,0.140756,0.1715,0.001000,198.0
74,4.713666,6.8004,0.140387,0.1761,0.001000,200.6
75,4.708038,6.7923,0.139983,0.1864,0.001000,203.2
76,4.704899,6.7878,0.141928,0.1678,0.001000,206.2
77,4.695025,6.7735,0.139046,0.1644,0.001000,208.9
78,4.689512,6.7656,0.138272,0.1563,0.001000,211.6
79,4.678778,6.7501,0.143833,0.1829,0.001000,214.4
80,4.683899,6.7575,0.138504,0.1823,0.001000,217.1
81,4.689235,6.7652,0.141637,0.1805,0.001000,219.8
82,4.679444,6.7510,0.137848,0.1669,0.001000,222.6
83,4.662271,6.7263,0.144519,0.1576,0.001000,225.4
84,4.653762,6.7140,0.145929,0.1447,0.001000,228.1
85,4.655836,6.7170,0.142491,0.1475,0.001000,230.8
86,4.671853,6.7401,0.144450,0.1510,0.001000,233.5
87,4.659822,6.7227,0.144075,0.1463,0.001000,236.2
88,4.665372,6.7307,0.145694,0.1530,0.001000,239.1
89,4.651838,6.7112,0.146304,0.1469,0.001000,241.7
90,4.653955,6.7143,0.145641,0.1449,0.001000,244.4
91,4.646105,6.7029,0.146783,0.1460,0.001000,247.1
92,4.645336,6.7018,0.145136,0.1388,0.001000,249.7
93,4.622538,6.6689,0.144052,0.1387,0.001000,252.4
94,4.636999,6.6898,0.144883,0.1314,0.001000,255.3
95,4.633583,6.6849,0.142149,0.1310,0.001000,258.0
96,4.630777,6.6808,0.142416,0.1370,0.001000,260.7
97,4.629233,6.6786,0.144005,0.1435,0.001000,263.3
98,4.634023,6.6855,0.144130,0.1396,0.001000,266.0
99,4.618488,6.6631,0.145610,0.1438,0.001000,268.6
100,4.614841,6.6578,0.148091,0.1419,0.001000,271.4
101,4.617486,6.6616,0.147255,0.1473,0.001000,274.0
102,4.640240,6.6945,0.146187,0.1406,0.001000,276.7
103,4.631632,6.6821,0.152230,0.1487,0.001000,279.5
104,4.614590,6.6575,0.144667,0.1305,0.001000,282.2
105,4.609339,6.6499,0.146462,0.1255,0.001000,284.9
106,4.612678,6.6547,0.150146,0.1256,0.001000,287.8
107,4.615485,6.6588,0.148586,0.1192,0.001000,290.4
108,4.596399,6.6312,0.151050,0.1241,0.001000,293.1
109,4.599608,6.6359,0.150538,0.1170,0.001000,295.8
110,4.597933,6.6334,0.156116,0.1224,0.001000,298.5
111,4.613627,6.6561,0.145929,0.1236,0.001000,301.4
112,4.602206,6.6396,0.152200,0.1200,0.001000,304.3
113,4.592563,6.6257,0.149136,0.1189,0.001000,307.0
114,4.591490,6.6241,0.149172,0.1205,0.001000,309.7
115,4.601375,6.6384,0.150863,0.1156,0.001000,312.6
116,4.605980,6.6450,0.151141,0.1258,0.001000,315.3
117,4.600829,6.6376,0.149496,0.1202,0.001000,318.0
118,4.586054,6.6163,0.151360,0.1184,0.001000,320.9
119,4.595267,6.6296,0.150814,0.1169,0.001000,323.6
120,4.575883,6.6016,0.152493,0.1181,0.001000,326.2
121,4.612693,6.6547,0.145598,0.1241,0.001000,329.0
122,4.568565,6.5911,0.152044,0.1195,0.001000,331.9
123,4.626711,6.6750,0.149496,0.1376,0.001000,334.6
124,4.589695,6.6216,0.152185,0.1240,0.001000,337.4
125,4.583753,6.6130,0.149649,0.1192,0.001000,340.1
126,4.591105,6.6236,0.149786,0.1184,0.001000,342.8
127,4.603962,6.6421,0.151500,0.1225,0.001000,345.3
128,4.569425,6.5923,0.151531,0.1111,0.001000,347.9
129,4.586750,6.6173,0.151546,0.1180,0.001000,350.6
130,4.578232,6.6050,0.155635,0.1162,0.001000,353.4
131,4.576203,6.6021,0.159540,0.1225,0.001000,356.6
132,4.590320,6.6225,0.149002,0.1118,0.001000,359.5
133,4.566069,6.5875,0.154609,0.1171,0.001000,362.3
134,4.581135,6.6092,0.150985,0.1151,0.001000,365.0
135,4.591639,6.6244,0.150026,0.1185,0.001000,367.7
136,4.570738,6.5942,0.153056,0.1157,0.001000,370.6
137,4.570244,6.5935,0.147577,0.1182,0.001000,373.2
138,4.559048,6.5773,0.155624,0.1124,0.001000,375.9
139,4.562049,6.5817,0.153439,0.1055,0.001000,378.5
140,4.537409,6.5461,0.156298,0.1164,0.001000,381.2
141,4.584268,6.6137,0.149307,0.1237,0.001000,383.8
142,4.548640,6.5623,0.155818,0.1127,0.001000,386.7
143,4.577235,6.6036,0.147235,0.1233,0.001000,389.5
144,4.567630,6.5897,0.152714,0.1088,0.001000,392.2
145,4.552181,6.5674,0.153268,0.1137,0.001000,395.0
146,4.560330,6.5792,0.153701,0.1119,0.001000,397.8
147,4.565319,6.5864,0.154096,0.1198,0.001000,400.4
148,4.553686,6.5696,0.155305,0.1177,0.001000,403.3
149,4.553639,6.5695,0.155282,0.1131,0.001000,406.0
150,4.559920,6.5786,0.151375,0.1169,0.001000,408.6
151,4.548878,6.5627,0.153426,0.1207,0.001000,411.4
152,4.536903,6.5454,0.155430,0.1092,0.001000,414.1
153,4.559666,6.5782,0.152913,0.1226,0.001000,416.8
154,4.563003,6.5830,0.153925,0.1138,0.001000,419.7
155,4.568792,6.5914,0.152029,0.1067,0.001000,422.4
156,4.561797,6.5813,0.157013,0.1267,0.001000,425.1
157,4.566331,6.5878,0.155453,0.1127,0.001000,427.8
158,4.549742,6.5639,0.150814,0.1192,0.001000,430.6
159,4.554498,6.5708,0.155487,0.1237,0.001000,433.4
160,4.565013,6.5859,0.152029,0.1258,0.001000,436.2
161,4.551267,6.5661,0.154572,0.1228,0.001000,438.9
162,4.557152,6.5746,0.151515,0.1142,0.001000,441.6
163,4.559012,6.5773,0.154109,0.1139,0.001000,444.3
164,4.566801,6.5885,0.154719,0.1131,0.001000,447.0
165,4.559809,6.5784,0.152742,0.1218,0.001000,449.8
166,4.586462,6.6169,0.149082,0.1229,0.001000,452.7
167,4.553022,6.5686,0.149991,0.1066,0.001000,455.6
168,4.553493,6.5693,0.150659,0.1151,0.001000,458.5
169,4.547523,6.5607,0.157194,0.1142,0.001000,461.2
170,4.553449,6.5693,0.152871,0.1171,0.001000,463.9
171,4.559850,6.5785,0.148831,0.1194,0.001000,466.6
172,4.557134,6.5746,0.158183,0.1179,0.001000,469.4
173,4.561103,6.5803,0.154070,0.1157,0.001000,472.1
174,4.540934,6.5512,0.154438,0.1110,0.001000,474.8
175,4.550825,6.5655,0.153714,0.1108,0.001000,477.6
176,4.548170,6.5616,0.155955,0.1104,0.001000,480.4
177,4.548497,6.5621,0.152979,0.1175,0.001000,483.2
178,4.555391,6.5721,0.155217,0.1047,0.001000,485.9
179,4.543169,6.5544,0.153741,0.1029,0.001000,488.8
180,4.539204,6.5487,0.154463,0.1161,0.001000,491.6
181,4.549324,6.5633,0.152927,0.1037,0.001000,494.3
182,4.544170,6.5559,0.152528,0.1075,0.001000,497.1
183,4.552674,6.5681,0.154792,0.0991,0.001000,499.7
184,4.526684,6.5306,0.156662,0.1143,0.001000,502.5
185,4.548028,6.5614,0.153741,0.1078,0.001000,505.5
186,4.549363,6.5634,0.151888,0.1045,0.001000,508.2
187,4.547822,6.5611,0.154267,0.0959,0.001000,510.9
188,4.551026,6.5658,0.150626,0.1040,0.001000,513.7
189,4.535128,6.5428,0.154305,0.1016,0.001000,516.3
190,4.539174,6.5487,0.152018,0.1085,0.001000,519.0
191,4.537027,6.5456,0.152070,0.0970,0.001000,521.8
192,4.529436,6.5346,0.160260,0.1016,0.001000,524.5
193,4.538252,6.5473,0.152571,0.1031,0.001000,527.3
194,4.539940,6.5498,0.154744,0.0988,0.001000,530.0
195,4.537670,6.5465,0.154975,0.1008,0.001000,532.7
196,4.527413,6.5317,0.153070,0.0999,0.001000,535.4
197,4.537780,6.5467,0.158021,0.0962,0.001000,538.3
198,4.539526,6.5492,0.156138,0.0986,0.001000,541.0
199,4.539501,6.5491,0.156682,0.0996,0.001000,543.8
200,4.527589,6.5320,0.155418,0.1166,0.001000,546.5
201,4.532426,6.5389,0.154634,0.1301,0.001000,549.3
202,4.529116,6.5342,0.152215,0.1156,0.001000,552.0
203,4.531031,6.5369,0.156843,0.1151,0.001000,554.8
204,4.530857,6.5367,0.153084,0.1088,0.001000,557.6
205,4.528416,6.5331,0.149803,0.1323,0.001000,560.4
206,4.532595,6.5392,0.149940,0.1611,0.001000,563.2
207,4.526653,6.5306,0.152771,0.1468,0.001000,565.9
208,4.531542,6.5377,0.155757,0.1077,0.001000,568.6
209,4.553389,6.5692,0.151526,0.1156,0.001000,571.4
210,4.537708,6.5466,0.148452,0.1223,0.001000,574.1
211,4.530488,6.5361,0.155977,0.1327,0.001000,576.9
212,4.542490,6.5534,0.147084,0.1312,0.001000,579.8
213,4.545133,6.5573,0.151034,0.1271,0.001000,582.7
214,4.542393,6.5533,0.156501,0.1254,0.001000,585.4
215,4.538918,6.5483,0.154963,0.1176,0.001000,588.4
216,4.540430,6.5505,0.151500,0.1019,0.001000,591.4
217,4.543489,6.5549,0.152415,0.1034,0.001000,594.2
218,4.526509,6.5304,0.152490,0.1139,0.001000,597.1
219,4.515146,6.5140,0.157598,0.1275,0.001000,599.8
220,4.514036,6.5124,0.155647,0.1100,0.001000,602.7
221,4.524003,6.5268,0.155988,0.1141,0.001000,605.6
222,4.522651,6.5248,0.154438,0.1061,0.001000,608.4
223,4.530221,6.5357,0.150992,0.1024,0.001000,611.2
224,4.514350,6.5129,0.154807,0.1071,0.001000,614.0
225,4.542311,6.5532,0.152699,0.1186,0.001000,616.7
226,4.527556,6.5319,0.157336,0.1130,0.001000,619.5
227,4.526618,6.5306,0.154963,0.0987,0.001000,622.5
228,4.534945,6.5426,0.158389,0.1080,0.001000,625.2
229,4.517941,6.5180,0.151732,0.1073,0.001000,628.0
230,4.523568,6.5262,0.156116,0.1000,0.001000,630.8
231,4.521645,6.5234,0.156170,0.0981,0.001000,633.5
232,4.515372,6.5143,0.155476,0.1122,0.001000,636.3
233,4.531169,6.5371,0.154609,0.1125,0.001000,639.2
234,4.525157,6.5284,0.157507,0.0985,0.001000,642.1
235,4.535565,6.5435,0.150708,0.1047,0.001000,645.0
236,4.523257,6.5257,0.157336,0.1049,0.001000,647.7
237,4.506484,6.5015,0.155829,0.1010,0.001000,650.7
238,4.513942,6.5123,0.159219,0.0960,0.001000,653.3
239,4.526607,6.5305,0.152899,0.0961,0.001000,656.4
240,4.515635,6.5147,0.154975,0.1006,0.001000,659.1
241,4.515827,6.5150,0.153583,0.1112,0.001000,662.0
242,4.529234,6.5343,0.152714,0.1018,0.001000,665.3
243,4.544349,6.5561,0.153781,0.1122,0.001000,668.2
244,4.538413,6.5476,0.151034,0.1194,0.001000,670.9
245,4.520529,6.5218,0.153556,0.1178,0.001000,673.9
246,4.529826,6.5352,0.151391,0.1138,0.001000,676.6
247,4.525824,6.5294,0.150179,0.1117,0.001000,679.4
248,4.544445,6.5563,0.151686,0.1054,0.001000,682.1
249,4.538592,6.5478,0.154293,0.1157,0.001000,684.8
250,4.508829,6.5049,0.161097,0.1056,0.001000,687.6
251,4.525856,6.5295,0.154768,0.1111,0.001000,690.7
252,4.516865,6.5165,0.155146,0.1040,0.001000,693.4
253,4.520062,6.5211,0.157742,0.1084,0.001000,696.1
254,4.515439,6.5144,0.154715,0.1295,0.001000,699.0
255,4.527232,6.5314,0.156511,0.1229,0.001000,701.9
256,4.517034,6.5167,0.155293,0.1122,0.001000,704.7
257,4.532739,6.5394,0.157346,0.1075,0.001000,707.6
258,4.506196,6.5011,0.157023,0.1259,0.001000,710.3
259,4.528525,6.5333,0.157255,0.1110,0.001000,713.0
260,4.513021,6.5109,0.166153,0.1240,0.001000,715.8
261,4.507573,6.5031,0.155829,0.1031,0.001000,718.6
262,4.494592,6.4843,0.162822,0.1092,0.001000,721.3
263,4.499327,6.4912,0.161787,0.0995,0.001000,724.2
264,4.494480,6.4842,0.159584,0.0996,0.001000,727.0
265,4.495615,6.4858,0.161120,0.1080,0.001000,729.8
266,4.494174,6.4837,0.164869,0.1145,0.001000,732.7
267,4.516844,6.5165,0.168290,0.1181,0.001000,735.4
268,4.532170,6.5386,0.154451,0.1063,0.001000,738.2
269,4.494319,6.4840,0.163157,0.0991,0.001000,741.0
270,4.494035,6.4835,0.166923,0.0935,0.001000,743.7
271,4.534031,6.5412,0.151546,0.1131,0.001000,746.4
272,4.529131,6.5342,0.156449,0.1176,0.001000,749.2
273,4.531744,6.5379,0.151066,0.1214,0.001000,751.9
274,4.517679,6.5177,0.155806,0.1150,0.001000,754.7
275,4.526718,6.5307,0.155270,0.1075,0.001000,757.9
276,4.512614,6.5103,0.158030,0.1036,0.001000,760.8
277,4.514967,6.5137,0.154122,0.1044,0.001000,763.7
278,4.506412,6.5014,0.157346,0.1205,0.001000,766.6
279,4.517972,6.5181,0.154805,0.1180,0.001000,769.3
280,4.505579,6.5002,0.158689,0.0970,0.001000,772.0
281,4.505573,6.5002,0.160772,0.1034,0.001000,774.8
282,4.512361,6.5100,0.155818,0.1125,0.001000,777.5
283,4.507578,6.5031,0.158722,0.1051,0.001000,780.4
284,4.515050,6.5139,0.158363,0.1108,0.001000,783.0
285,4.525846,6.5294,0.157490,0.1255,0.001000,785.8
286,4.511728,6.5091,0.153438,0.0959,0.001000,788.6
287,4.517849,6.5179,0.157526,0.1022,0.001000,791.4
288,4.520149,6.5212,0.155146,0.0979,0.001000,794.2
289,4.502038,6.4951,0.159405,0.1178,0.001000,796.9
290,4.506363,6.5013,0.160062,0.1118,0.001000,799.6
291,4.502328,6.4955,0.159918,0.1074,0.001000,802.2
292,4.500075,6.4923,0.156159,0.0963,0.001000,804.9
293,4.511647,6.5090,0.154451,0.1099,0.001000,807.7
294,4.496701,6.4874,0.155795,0.1076,0.001000,810.5
295,4.492852,6.4818,0.161632,0.1072,0.001000,813.3
296,4.492411,6.4812,0.160424,0.1134,0.001000,816.0
297,4.511712,6.5090,0.162830,0.1191,0.001000,818.7
298,4.494705,6.4845,0.163332,0.1315,0.001000,821.4
299,4.500606,6.4930,0.160595,0.1025,0.001000,824.2
300,4.508915,6.5050,0.157355,0.1036,0.001000,826.9
301,4.486230,6.4723,0.157365,0.0995,0.001000,829.7
302,4.504716,6.4990,0.154242,0.0992,0.001000,832.5
303,4.524615,6.5277,0.157859,0.1220,0.001000,835.3
304,4.510207,6.5069,0.162296,0.1154,0.001000,838.1
305,4.510769,6.5077,0.158021,0.0987,0.001000,840.8
306,4.519920,6.5209,0.157165,0.1102,0.001000,843.9
307,4.512608,6.5103,0.161450,0.1102,0.001000,846.7
308,4.512008,6.5095,0.163671,0.1153,0.001000,849.6
309,4.506205,6.5011,0.156853,0.1090,0.001000,852.3
310,4.502320,6.4955,0.159398,0.1152,0.001000,855.1
311,4.513766,6.5120,0.158192,0.1080,0.001000,857.8
312,4.509257,6.5055,0.160760,0.1120,0.001000,860.6
313,4.511968,6.5094,0.158030,0.1009,0.001000,863.4
314,4.512060,6.5095,0.156822,0.1069,0.001000,866.1
315,4.508237,6.5040,0.159761,0.1034,0.001000,868.9
316,4.518971,6.5195,0.151157,0.1116,0.001000,871.6
317,4.501905,6.4949,0.152528,0.1135,0.001000,874.4
318,4.517904,6.5180,0.157184,0.1083,0.001000,877.3
319,4.503653,6.4974,0.157517,0.1016,0.001000,880.0
320,4.497267,6.4882,0.155464,0.1072,0.001000,882.8
321,4.528637,6.5335,0.152941,0.1015,0.001000,885.5
322,4.508560,6.5045,0.157155,0.1043,0.001000,888.2
323,4.502323,6.4955,0.156641,0.1035,0.001000,891.0
324,4.508087,6.5038,0.158039,0.1154,0.001000,893.8
325,4.507261,6.5026,0.158893,0.1076,0.001000,896.5
326,4.515536,6.5146,0.156298,0.1077,0.001000,899.3
327,4.509493,6.5058,0.160778,0.1076,0.001000,902.1
328,4.502453,6.4957,0.161606,0.1015,0.001000,904.9
329,4.514534,6.5131,0.156127,0.1052,0.001000,907.7
330,4.526508,6.5304,0.158534,0.1081,0.001000,910.7
331,4.496238,6.4867,0.159925,0.1068,0.001000,913.3
332,4.503043,6.4965,0.155282,0.1017,0.001000,916.0
333,4.516968,6.5166,0.154254,0.1169,0.001000,918.8
334,4.504297,6.4983,0.158380,0.1116,0.001000,921.5
335,4.512898,6.5108,0.160595,0.1083,0.001000,924.2
336,4.514569,6.5132,0.158030,0.1003,0.001000,927.1
337,4.516826,6.5164,0.157155,0.1097,0.001000,929.8
338,4.496128,6.4866,0.155977,0.1054,0.001000,932.5
339,4.508751,6.5048,0.155829,0.1118,0.001000,935.2
340,4.516115,6.5154,0.157004,0.1089,0.001000,938.0
341,4.504241,6.4983,0.158534,0.1184,0.001000,940.7
342,4.507050,6.5023,0.162301,0.1025,0.001000,943.6
343,4.517524,6.5174,0.158551,0.1067,0.001000,946.3
344,4.523102,6.5255,0.151686,0.1164,0.001000,949.0
345,4.522489,6.5246,0.156682,0.1272,0.001000,951.8
346,4.505564,6.5002,0.154951,0.1092,0.001000,954.4
347,4.503615,6.4974,0.159740,0.0977,0.001000,957.2
348,4.514051,6.5124,0.156843,0.1026,0.001000,960.0
349,4.508221,6.5040,0.155122,0.1147,0.001000,962.7
350,4.501778,6.4947,0.158885,0.1000,0.001000,965.3
351,4.517314,6.5171,0.157868,0.1073,0.001000,968.1
352,4.507558,6.5031,0.157498,0.1030,0.001000,971.2
353,4.486142,6.4722,0.159235,0.1124,0.001000,974.2
354,4.502901,6.4963,0.156309,0.1210,0.001000,977.1
355,4.501478,6.4943,0.162301,0.1093,0.001000,979.9
356,4.495978,6.4863,0.161274,0.1129,0.001000,982.8
357,4.514190,6.5126,0.159904,0.1090,0.001000,985.4
358,4.512126,6.5096,0.154756,0.1026,0.001000,988.3
359,4.504057,6.4980,0.154426,0.1280,0.001000,991.1
360,4.491893,6.4805,0.160437,0.1228,0.001000,994.0
361,4.502536,6.4958,0.161268,0.1185,0.001000,996.7
362,4.513715,6.5119,0.157326,0.1108,0.001000,999.4
363,4.513359,6.5114,0.152913,0.1274,0.001000,1002.3
364,4.512122,6.5096,0.159398,0.1063,0.001000,1005.1
365,4.499252,6.4911,0.160260,0.1210,0.001000,1007.8
366,4.523477,6.5260,0.155258,0.1213,0.001000,1010.6
367,4.507776,6.5034,0.157365,0.1149,0.001000,1013.3
368,4.493349,6.4826,0.163332,0.1121,0.001000,1016.1
369,4.493234,6.4824,0.163674,0.1189,0.001000,1018.8
370,4.494272,6.4839,0.157004,0.1086,0.001000,1021.6
371,4.512024,6.5095,0.158543,0.1137,0.001000,1024.3
372,4.512369,6.5100,0.159740,0.1032,0.001000,1027.2
373,4.502043,6.4951,0.162990,0.1071,0.001000,1030.0
374,4.499338,6.4912,0.160082,0.0939,0.001000,1032.7
375,4.518082,6.5182,0.160253,0.1113,0.001000,1035.4
376,4.496980,6.4878,0.162310,0.1013,0.001000,1038.1
377,4.503362,6.4970,0.158543,0.0970,0.001000,1040.8
378,4.511021,6.5081,0.153767,0.1028,0.001000,1043.6
379,4.486204,6.4722,0.160937,0.0998,0.001000,1046.4
380,4.501475,6.4943,0.154426,0.1142,0.001000,1049.2
381,4.491134,6.4794,0.161797,0.0973,0.001000,1052.0
382,4.495587,6.4858,0.162139,0.1057,0.001000,1054.9
383,4.489018,6.4763,0.159562,0.1100,0.001000,1057.8
384,4.498424,6.4899,0.156511,0.1059,0.001000,1060.7
385,4.498240,6.4896,0.157355,0.1114,0.001000,1063.5
386,4.496745,6.4875,0.158338,0.1044,0.001000,1066.4
387,4.505253,6.4997,0.158901,0.1033,0.001000,1069.4
388,4.502975,6.4964,0.160082,0.1120,0.001000,1072.1
389,4.519694,6.5206,0.157660,0.1047,0.001000,1075.0
390,4.510154,6.5068,0.158355,0.1080,0.001000,1077.9
391,4.510431,6.5072,0.159227,0.0987,0.001000,1080.6
392,4.515274,6.5142,0.155944,0.1045,0.001000,1083.4
393,4.512130,6.5097,0.153439,0.1123,0.001000,1086.2
394,4.502072,6.4951,0.157678,0.1135,0.001000,1089.0
395,4.502116,6.4952,0.161954,0.1049,0.001000,1091.7
396,4.496369,6.4869,0.160253,0.1015,0.001000,1094.6
397,4.519846,6.5208,0.158853,0.0960,0.001000,1097.4
398,4.550968,6.5657,0.153144,0.1068,0.001000,1100.0
399,4.536650,6.5450,0.153701,0.1142,0.001000,1102.7
400,4.514498,6.5131,0.157669,0.1004,0.001000,1105.3
401,4.512304,6.5099,0.161091,0.0991,0.001000,1108.0
402,4.491858,6.4804,0.161797,0.1141,0.001000,1111.0
403,4.510187,6.5068,0.154426,0.1056,0.001000,1113.8
404,4.489800,6.4774,0.165039,0.1318,0.001000,1116.5
405,4.499795,6.4919,0.156618,0.1025,0.001000,1119.4
406,4.482651,6.4671,0.165781,0.0956,0.001000,1122.2
407,4.480649,6.4642,0.162993,0.0954,0.001000,1125.0
408,4.495624,6.4858,0.160925,0.1018,0.001000,1127.9
409,4.507515,6.5030,0.157050,0.1236,0.001000,1130.6
410,4.475996,6.4575,0.161755,0.1238,0.001000,1133.3
411,4.500605,6.4930,0.159584,0.1229,0.001000,1136.0
412,4.498437,6.4899,0.159383,0.0989,0.001000,1138.8
413,4.488045,6.4749,0.162305,0.1043,0.001000,1141.5
414,4.506294,6.5012,0.158389,0.1415,0.001000,1144.4
415,4.488723,6.4759,0.160075,0.1305,0.001000,1147.1
416,4.502028,6.4951,0.158201,0.1212,0.001000,1149.9
417,4.497797,6.4890,0.159413,0.0999,0.001000,1152.6
418,4.493512,6.4828,0.158526,0.1274,0.001000,1155.2
419,4.493956,6.4834,0.159562,0.1137,0.001000,1158.0
420,4.516108,6.5154,0.159726,0.1205,0.001000,1161.0
421,4.500294,6.4926,0.160266,0.1046,0.001000,1163.6
422,4.515835,6.5150,0.156138,0.1199,0.001000,1166.4
423,4.504478,6.4986,0.165042,0.1155,0.001000,1169.2
424,4.474079,6.4548,0.169827,0.1196,0.001000,1172.0
425,4.503736,6.4975,0.162125,0.1127,0.001000,1174.8
426,4.521467,6.5231,0.158559,0.1357,0.001000,1177.7
427,4.518072,6.5182,0.155647,0.1314,0.001000,1180.5
428,4.501355,6.4941,0.162125,0.1024,0.001000,1183.2
429,4.491691,6.4802,0.166581,0.1212,0.001000,1185.8
430,4.502681,6.4960,0.163845,0.1021,0.001000,1188.5
431,4.482945,6.4675,0.165556,0.1222,0.001000,1191.3
432,4.490118,6.4779,0.160096,0.1005,0.001000,1194.0
433,4.503960,6.4979,0.159219,0.1108,0.001000,1196.6
434,4.494044,6.4836,0.159547,0.1076,0.001000,1199.3
435,4.484015,6.4691,0.162485,0.1014,0.001000,1202.0
436,4.507227,6.5026,0.158346,0.0983,0.001000,1204.7
437,4.512825,6.5107,0.156459,0.1115,0.001000,1207.4
438,4.502474,6.4957,0.158183,0.1115,0.001000,1210.3
439,4.513112,6.5111,0.158389,0.1187,0.001000,1213.2
440,4.518535,6.5189,0.154070,0.1242,0.001000,1216.0
441,4.497234,6.4882,0.158218,0.0996,0.001000,1218.7
442,4.495822,6.4861,0.162476,0.1064,0.001000,1221.4
443,4.499536,6.4915,0.160431,0.1079,0.001000,1224.1
444,4.498198,6.4896,0.157023,0.0980,0.001000,1227.0
445,4.504078,6.4980,0.157841,0.1222,0.001000,1229.8
446,4.505576,6.5002,0.155110,0.1232,0.001000,1232.6
447,4.520190,6.5213,0.156522,0.1135,0.001000,1235.2
448,4.506435,6.5014,0.161268,0.1044,0.001000,1238.0
449,4.497823,6.4890,0.159562,0.1067,0.001000,1240.7
450,4.488281,6.4752,0.167435,0.1213,0.001000,1243.3
451,4.498682,6.4902,0.157365,0.1140,0.001000,1246.2
452,4.487148,6.4736,0.158363,0.1279,0.001000,1249.0
453,4.496533,6.4871,0.161456,0.1088,0.001000,1251.7
454,4.482430,6.4668,0.159576,0.1192,0.001000,1254.5
455,4.479191,6.4621,0.167435,0.1124,0.001000,1257.3
456,4.497235,6.4882,0.158885,0.1033,0.001000,1260.0
457,4.492091,6.4807,0.162819,0.1192,0.001000,1262.9
458,4.490550,6.4785,0.159897,0.1294,0.001000,1265.6
459,4.485243,6.4709,0.160955,0.1220,0.001000,1268.3
460,4.490696,6.4787,0.160424,0.1234,0.001000,1271.1
461,4.493164,6.4823,0.162652,0.1340,0.001000,1273.9
462,4.534949,6.5426,0.154731,0.1403,0.001000,1276.7
463,4.530795,6.5366,0.156459,0.1375,0.001000,1280.0
464,4.510862,6.5078,0.158665,0.1137,0.001000,1282.7
465,4.501337,6.4941,0.161290,0.1175,0.001000,1285.5
466,4.492830,6.4818,0.163332,0.1333,0.001000,1288.2
467,4.501920,6.4949,0.160766,0.1310,0.001000,1291.0
468,4.508055,6.5038,0.159747,0.1276,0.001000,1293.8
469,4.522656,6.5248,0.152728,0.1303,0.001000,1296.8
470,4.494758,6.4846,0.160418,0.1293,0.001000,1299.4
471,4.503103,6.4966,0.160614,0.1340,0.001000,1302.2
472,4.513167,6.5111,0.160240,0.1252,0.001000,1304.9
473,4.501230,6.4939,0.163388,0.1143,0.001000,1307.6
474,4.493668,6.4830,0.164473,0.1116,0.001000,1310.4
475,4.499751,6.4918,0.160082,0.1253,0.001000,1313.2
476,4.496213,6.4867,0.155635,0.1361,0.001000,1316.0
477,4.500700,6.4932,0.160171,0.1239,0.001000,1318.8
478,4.502017,6.4951,0.160335,0.1170,0.001000,1321.7
479,4.501266,6.4940,0.161103,0.1200,0.001000,1324.3
480,4.492175,6.4809,0.161797,0.1345,0.001000,1327.0
481,4.507718,6.5033,0.161114,0.1286,0.001000,1330.0
482,4.496114,6.4865,0.162264,0.1185,0.001000,1332.8
483,4.485304,6.4709,0.162005,0.1158,0.001000,1335.5
484,4.491297,6.4796,0.160931,0.1214,0.001000,1338.2
485,4.483079,6.4677,0.161274,0.1253,0.001000,1341.1
486,4.491539,6.4799,0.162822,0.1168,0.001000,1343.9
487,4.496565,6.4872,0.161792,0.1135,0.001000,1346.9
488,4.485253,6.4709,0.167095,0.1077,0.001000,1349.7
489,4.490229,6.4781,0.159932,0.1318,0.001000,1352.4
490,4.483887,6.4689,0.169837,0.1074,0.001000,1355.2
491,4.492962,6.4820,0.160772,0.1098,0.001000,1358.0
492,4.495267,6.4853,0.159398,0.1141,0.001000,1360.9
493,4.473172,6.4534,0.164873,0.1186,0.001000,1363.7
494,4.489068,6.4764,0.161621,0.1209,0.001000,1366.6
495,4.498849,6.4905,0.161973,0.1396,0.001000,1369.5
496,4.480950,6.4647,0.166068,0.1157,0.001000,1372.5
497,4.494921,6.4848,0.165385,0.1145,0.001000,1375.4
498,4.496762,6.4875,0.159733,0.1232,0.001000,1378.5
499,4.501631,6.4945,0.161627,0.1171,0.001000,1381.6
500,4.499319,6.4912,0.161279,0.1194,0.001000,1384.6
